apa fungsi dari k3?,Fungsi_K3
k3 berfungsi untuk?,Fungsi_K3
apa itu identifikasi bahaya listrik?,Identifikasi_Bahaya_Listrik1
apa yang dimaksud dengan identifikasi bahaya listrik?,Identifikasi_Bahaya_Listrik1
sebutkan identifikasi bahaya listrik,Identifikasi_Bahaya_Listrik2
apa saja identifikasi bahaya listrik?,Identifikasi_Bahaya_Listrik2
Apa saja resiko umum yang ada di tempat kerja?,Identifikasi_Resiko
Bagaimana cara mengidentifikasi bahaya dan risiko di lingkungan kerja?,Identifikasi_Resiko
,Pencegahan_Kecelakaan
k3 adalah,Pengenalan1_K3
Apa itu K3?,Pengenalan1_K3
apa saja peran dari k3?,Peran_K3_di_Perusahaan
,Perlindungan_Fisik
,Prosedur_Darurat
,Prosedur_Keselamatan
k3 bertujuan untuk?,Tujuan_K3
apa tujuan dari k3?,Tujuan_K3
